Date,Open,High,Low,Close,Volume
1/1/2024,151.39,151.64,148.64,149.31,1359791
1/2/2024,151.08,160,150.21,154.34,749957
1/3/2024,150.28,152.61,144.26,148.95,4019187
1/4/2024,146.15,152.04,138.06,138.15,1839319
1/5/2024,140.13,143.53,138.58,143.32,3323559
1/6/2024,139.34,143.14,135.75,138.29,2718961
1/7/2024,141.36,148.66,136,148.32,3675376
1/8/2024,144.11,147.04,137.82,145.98,3533614
1/9/2024,146.75,153.8,146.29,148,2927562
1/10/2024,152.85,161.4,144.19,150.73,4303481
1/11/2024,152.09,155.74,148.39,149.93,2739572
1/12/2024,151.95,158.79,151.24,156.03,4980690
1/13/2024,158.32,159.95,154.53,159.89,2342265
1/14/2024,161.74,170.17,153.98,157.69,769276
1/15/2024,160.74,164.75,160.08,164.34,3139709
1/16/2024,161.47,166.46,152.62,161.52,1698493
1/17/2024,159.17,161.64,153.56,155.68,4093963
1/18/2024,159.66,163.65,157.47,163.63,4774216
1/19/2024,163.57,171.13,154.96,157.43,1842026
1/20/2024,160.35,164.57,159.71,161.56,4426287
1/21/2024,161.85,171.56,153.24,153.45,1460929
1/22/2024,155.27,160.64,152.6,157.75,1435767
1/23/2024,155.69,157.27,155.66,156.82,2709467
1/24/2024,161.54,169.16,156.46,157.81,3003536
1/25/2024,161.23,166.31,159.24,161.88,1855171
1/26/2024,162.27,170.06,156.97,156.98,3219218
1/27/2024,156.87,157.99,153.24,157.92,3079615
1/28/2024,155.31,157.72,149.64,150.28,4576783
1/29/2024,153.44,163.22,148.11,150.01,4486957
1/30/2024,154.48,156.13,149.2,153.4,2276692
1/31/2024,157.69,165.24,150.79,161.09,3846989
2/1/2024,166.04,172.54,161.66,167.29,1515056
2/2/2024,164.77,165.41,164.56,165.03,2347317
2/3/2024,160.1,167.18,159.51,160.03,763510
2/4/2024,163.63,164.34,161.25,163.32,2297148
2/5/2024,163.71,170.94,154.89,164.14,2538408
2/6/2024,166.99,175.06,165.09,166.06,4115919
2/7/2024,164.6,168.71,155.96,156.65,1325588
2/8/2024,152.26,159.54,144.25,145.92,2107174
2/9/2024,142.82,147.31,138.6,141.03,2595528
2/10/2024,144.77,145.52,136.69,144.25,1321317
2/11/2024,139.76,149.75,131.4,149.18,2482894
2/12/2024,145.84,150.7,143.7,146.51,991869
2/13/2024,143.16,143.18,139.26,142.89,4316886
2/14/2024,140.74,147.71,133.43,144.62,4582495
2/15/2024,141.17,144.14,131.48,138.81,1011349
2/16/2024,141.29,141.86,135.45,138.67,4955408
2/17/2024,135.24,144.85,134.44,136.37,1070097
2/18/2024,138.12,140.47,136.92,140.08,2565404
2/19/2024,140.87,141.27,140.05,140.85,4885419
2/20/2024,139.01,141.62,132.31,135.24,2728136
2/21/2024,134.2,140.92,131.2,134.27,1108535
2/22/2024,129.36,135.57,123.73,124.91,2288067
2/23/2024,124.97,126.29,121.48,121.81,2549206
2/24/2024,120.51,122.09,112.17,119.15,4937076
2/25/2024,114.23,122.4,111.24,118.64,1626515
2/26/2024,116.28,125.18,108.86,111.4,2863542
2/27/2024,112.45,119.63,110.41,116.26,2714457
2/28/2024,116.31,118.82,107.23,107.82,4053211
2/29/2024,111.11,111.55,107.77,108.26,2697440
3/1/2024,104.88,109.3,97.82,104.26,1438466
3/2/2024,100.01,108.84,90.97,100.72,3597208
3/3/2024,101.55,103.03,100.28,101.13,834662
3/4/2024,105.12,107.22,102.62,103.09,3908940
3/5/2024,107.83,115.32,98.57,102.54,1863163
3/6/2024,107.3,115.41,98.49,98.91,3286573
3/7/2024,101.73,105.85,95.03,102.98,2581777
3/8/2024,100.65,108.52,99.57,107.38,4448434
3/9/2024,104.6,112.77,100,103.9,2409209
3/10/2024,101.13,107.73,97.15,100.1,1082343
3/11/2024,104.77,107.56,98.36,102.04,4998103
3/12/2024,100.35,100.63,91.58,93.94,2726893
3/13/2024,89.32,95.29,85.86,93.28,4160737
3/14/2024,94.34,99.45,90.49,95.66,2636767
3/15/2024,91.1,95.46,85.9,93.61,2152850
3/16/2024,92.25,92.95,85.61,88.03,3133315
3/17/2024,89.66,90.91,80.66,85.86,3925848
3/18/2024,84.12,91.09,78.58,80.98,3680501
3/19/2024,82.75,91.78,76.59,81.16,503405
3/20/2024,79.2,81.3,71.34,77.38,3203222
3/21/2024,77.03,81.45,74.89,77.99,1923474
3/22/2024,79.58,82.42,72.94,78.81,1283388
3/23/2024,81.99,89.5,75.26,78.46,2170422
3/24/2024,74.93,75.39,65.09,71.39,1110927
3/25/2024,70.94,79.8,65.18,75.68,3721044
3/26/2024,75.62,78.06,69.06,69.11,1394119
3/27/2024,71.89,74.08,63.85,70.97,4396926
3/28/2024,66.47,68.96,57.99,63,4397709
3/29/2024,64.68,74.56,58.73,73.77,4212574
3/30/2024,74.9,82.09,69.85,80.02,4240594
3/31/2024,83.99,91.43,79.24,82.4,2573997
4/1/2024,85.8,88.57,78.02,83.13,2506939
4/2/2024,80.88,81.65,78.02,79.01,3181918
4/3/2024,82.94,83.75,81.43,82.32,1781823
4/4/2024,84.38,85.02,80.3,82.86,3987767
4/5/2024,78.48,86.81,74.59,84,663845
4/6/2024,87.57,95.23,83.77,83.84,3450766
4/7/2024,81.83,85.73,72.91,83.62,2350012
4/8/2024,83.5,86.23,78.64,81.59,3891654
4/9/2024,83.83,92.24,74.63,91.9,4980553
4/10/2024,87.17,91.11,81.53,81.79,4095464
4/11/2024,78.15,82.77,77.65,79.59,2275535
4/12/2024,79.14,82.52,70.34,73.73,4036342
4/13/2024,71.25,72.07,71.06,71.6,3435680
4/14/2024,68.84,69.53,59.27,59.68,760298
4/15/2024,64.18,66.17,63.98,64.31,1558818
4/16/2024,64.05,65.19,54.57,59.51,2649527
4/17/2024,62.18,63.86,56.11,61.91,1460771
4/18/2024,64.69,66.33,61.58,64.33,3116887
4/19/2024,65.09,74.17,61.34,73.42,2163710
4/20/2024,69.18,76.09,62.91,64.25,3029858
4/21/2024,67.75,73.75,66.54,73.63,844512
4/22/2024,72.1,76.38,68.39,72.43,3362454
4/23/2024,67.56,71.76,62.66,66.61,3538253
4/24/2024,67.97,76.26,60.9,67.59,4876728
4/25/2024,72.24,74.94,64.16,69.96,4555871
4/26/2024,69.61,77.87,63.69,68.26,2559362
4/27/2024,71.57,72.44,62.75,65.11,4398257
4/28/2024,65.81,72.49,62.45,67.41,3226416
4/29/2024,64.23,66.35,56.25,59.69,2817508
4/30/2024,60.25,65.42,58.34,60.05,3909366
5/1/2024,59.94,67.52,53.03,62.39,4617307
5/2/2024,61.87,62.04,58.93,60.19,2540991
5/3/2024,58.25,64.07,53.52,59.12,4069384
5/4/2024,64.09,69.59,60.57,64.66,3072140
5/5/2024,62.17,63.38,60.24,60.62,4995152
5/6/2024,65.13,72.03,63.21,69.72,2819446
5/7/2024,71.97,81.74,66.72,70.97,1343274
5/8/2024,74.3,77.26,70.69,72.68,4980649
5/9/2024,68.95,69.41,68.4,68.7,1559309
5/10/2024,70.08,77.61,69.05,69.15,2885211
5/11/2024,68.84,73.24,67,67.32,4507482
5/12/2024,63.46,64.11,58.54,61.75,949705
5/13/2024,58.27,66.38,48.78,50.28,2581976
5/14/2024,46.46,54.1,40.4,51.23,2393200
5/15/2024,53.99,57.79,44.9,48.73,4097285
5/16/2024,46.78,52.99,40.68,49.79,2243051
5/17/2024,51.05,53.7,50.24,51.07,1129689
5/18/2024,47.64,51.73,40.75,45.91,773802
5/19/2024,43.22,50.29,36.19,42.59,2458100
5/20/2024,46.83,54.71,40.58,49.92,2159427
5/21/2024,49.17,54.62,42.69,53.53,1693164
5/22/2024,49.24,50.9,46.16,49.71,2921041
5/23/2024,49.1,53.79,46.06,49.17,2783766
5/24/2024,49.17,54.11,48.37,48.6,4124119
5/25/2024,50.95,56.99,50.69,52.13,674025
5/26/2024,57.13,63.85,54.43,54.81,1969606
5/27/2024,54.52,61.04,45.36,48.21,4156468
5/28/2024,49.56,54.48,48.65,50.68,3295993
5/29/2024,48.89,49.94,47.28,48.37,4656295
5/30/2024,46.25,55.7,38.11,47.79,4315356
5/31/2024,43.67,46.19,42.51,45.35,4816746
6/1/2024,48.6,48.61,39.91,43.93,954696
6/2/2024,40.81,44.43,33.25,40.24,932950
6/3/2024,37.28,42.77,28,34.47,4566057
6/4/2024,30.68,40.41,24.59,28.38,1828572
6/5/2024,26.49,26.63,22.41,23.36,1451780
6/6/2024,22.97,24.14,14.65,19.38,2948312
6/7/2024,19.47,22.2,11.12,21.98,2544563
6/8/2024,21.55,23,19.64,21.65,1645114
6/9/2024,25.29,28.05,17.39,21.81,4759212
6/10/2024,19.48,19.51,12.22,18.33,4607400
6/11/2024,21.98,26.45,17.14,20.24,3664267
6/12/2024,19.79,23.01,17.9,21.46,3712592
6/13/2024,18.8,26.56,18.36,24.47,3697998
6/14/2024,23.33,29.97,15.12,29.69,4655117
6/15/2024,34.34,35.6,24.69,28.31,1341919
6/16/2024,32.05,36.45,26.79,31.2,1709263
6/17/2024,30.3,36.85,28.76,32.56,2723172
6/18/2024,30.95,37.88,24.45,35.89,4976348
6/19/2024,34.69,37.86,27.5,35.37,801143
6/20/2024,36.54,38.89,29.7,32.34,2408293
6/21/2024,34.81,39.15,33.83,37.2,1343115
6/22/2024,36.64,43.58,27.61,28.34,970762
6/23/2024,26.27,30.02,24.81,27.58,2010426
6/24/2024,24.28,25.07,15.57,21.46,2520226
6/25/2024,21.44,27.27,19.12,24.32,4355156
6/26/2024,21.87,21.96,13.82,21.16,1825195
6/27/2024,16.9,26.35,7.02,12.8,4059361
6/28/2024,14.7,19.27,11.68,19.27,4553443
6/29/2024,15.34,19.15,11.75,13.94,2976575
6/30/2024,9.16,17.46,5.2,5.3,911412
7/1/2024,9.41,16.86,1.08,15.33,2430372
7/2/2024,16.4,19.92,10.03,16.17,1647387
7/3/2024,17.45,26.48,10.99,15.78,4197892
7/4/2024,11.11,14.76,9.8,14.31,3240718
7/5/2024,16.78,18.54,15.46,17.12,3569035
7/6/2024,17.43,26.56,9.13,13.61,4542032
7/7/2024,18.28,21.23,9.58,18.95,4428648
7/8/2024,23.58,24.99,13.91,23.44,3833729
7/9/2024,28.11,36.16,24.45,33.71,616758
7/10/2024,31.35,32.59,27.66,31.35,2699169
7/11/2024,32.2,40.42,22.8,24.71,2461440
7/12/2024,24.42,30.62,14.99,20.12,2356962
7/13/2024,21.6,27.95,16.96,24.66,3925033
7/14/2024,20.83,21.28,20.46,21.28,1474089
7/15/2024,17.25,26.12,15.89,20.53,4015890
7/16/2024,21.4,28.67,12.55,23.11,4604940
7/17/2024,24.27,33.66,21.47,29.88,2322590
7/18/2024,29.31,38.82,20.76,22.55,3581428
7/19/2024,22.99,32.77,19.4,24.72,2092229
7/20/2024,29.4,38.89,21.16,22.79,2279272
7/21/2024,24.21,30.18,24,28.86,2543203
7/22/2024,33.75,41.62,31.7,39.93,2237761
7/23/2024,40.79,48.92,38.46,46.56,523786
7/24/2024,44.33,54.17,34.45,45.1,1963787
7/25/2024,41.2,49.86,39.88,43.46,2495914
7/26/2024,44.35,44.51,41.7,42.06,4031273
7/27/2024,42.32,49.78,37.56,47.07,4805352
7/28/2024,48.01,52.53,45.79,49.94,4874249
7/29/2024,47.96,54.39,47.65,54.38,3869009
7/30/2024,53.64,54.72,46.52,50.16,1177719
7/31/2024,48.38,49.86,47.12,48.83,3227853
8/1/2024,47.64,53.61,44.69,49.2,4108773
8/2/2024,45.19,52.21,36.66,46.78,2303744
8/3/2024,46.08,54.96,41.94,52.71,3844791
8/4/2024,51.87,52.82,47.6,51.07,3639864
8/5/2024,55.61,62.48,50.87,51.93,1216088
8/6/2024,47.86,48.83,40.47,47.26,1003156
8/7/2024,48.12,53.74,44.82,45.91,3466195
8/8/2024,49.65,59.06,45.42,57.91,931560
8/9/2024,62.59,68.59,59.07,64.57,2284582
8/10/2024,61.12,65.94,52.65,57.3,3583325
8/11/2024,53.45,56.24,51.19,53.36,720233
8/12/2024,54.45,61.03,47.52,47.91,2792358
8/13/2024,49.94,53.03,46.54,46.58,1701680
8/14/2024,47.24,51.25,45.82,49.26,757170
8/15/2024,45.18,50.48,41.42,45.53,1820444
8/16/2024,44.23,51.45,36.46,44.97,1212671
8/17/2024,48.8,50.36,41.26,41.71,1184355
8/18/2024,39.43,46.05,34.57,39.64,2791489
8/19/2024,36.8,41.92,33.35,34.3,4582171
8/20/2024,34.57,37.65,32.36,37.57,959544
8/21/2024,32.65,35.66,30.54,31.24,2643452
8/22/2024,29.13,30.33,24.16,26.82,1583688
8/23/2024,25.62,32.66,20.62,30.65,3470969
8/24/2024,26.37,34.99,25.95,26.12,1153158
8/25/2024,29.74,35.5,24.01,32.16,4003870
8/26/2024,30.06,34.11,20.4,22.76,4359572
8/27/2024,26.08,35.28,25.2,33.71,2541086
8/28/2024,33.07,37.07,32.28,36.45,3348043
8/29/2024,33.67,41.46,32.91,38.32,4951035
8/30/2024,38.42,47.48,34.93,44.06,1738912
8/31/2024,41.42,42.88,39.45,41.52,1132109
9/1/2024,38.29,46.02,33.35,42.91,4265690
9/2/2024,44.72,53.54,38.29,53.33,3211267
9/3/2024,56.97,63.24,55.46,55.99,4209510
9/4/2024,57.3,65.26,51.39,56.27,1122356
9/5/2024,54.37,58.89,53.8,58.03,1143666
9/6/2024,59.48,69.25,58.58,64.92,3725272
9/7/2024,64.55,70.09,56.63,68.69,4272639
9/8/2024,72.78,78.5,70.9,75.5,4705773
9/9/2024,72.01,72.63,70.97,72.46,3380964
9/10/2024,77.28,78.12,70.82,71.11,4172182
9/11/2024,76.02,81.26,69.92,74.05,2873083
9/12/2024,72.92,80.66,66.13,66.89,3307242
9/13/2024,62.55,63.5,55.77,57.97,1761422
9/14/2024,56.3,62.13,54.89,57.42,3787981
9/15/2024,53.71,60.8,52.86,57.3,3255461
9/16/2024,60.43,67.13,52.14,63.21,4915707
9/17/2024,59.14,65.84,54.06,54.27,3090956
9/18/2024,51.07,53.21,41.59,47.24,2400380
9/19/2024,52.24,53.79,49.28,52.83,4758809
9/20/2024,55.54,63.89,46.7,47.35,3324984
9/21/2024,51.11,57.29,45.14,47.01,2017045
9/22/2024,50.32,58.03,42.23,44.85,4171470
9/23/2024,40.29,43.93,33.09,43.6,2890148
9/24/2024,46.12,53.96,43.78,46.21,4434388
9/25/2024,50.25,52.19,43.47,48.44,4195998
9/26/2024,48.06,50.88,44.24,47.74,1859442
9/27/2024,50.91,58.92,49.53,51.88,4531486
9/28/2024,55.62,61.17,54.59,60.16,1545872
9/29/2024,58.01,65.64,55.28,64.66,1736050
9/30/2024,67.97,68.89,58.86,67.05,3432532
10/1/2024,71.35,75.5,67.39,70.42,3739396
10/2/2024,75.37,79.12,75.09,78.84,3312619
10/3/2024,81.75,83.13,78.88,82.41,1664277
10/4/2024,85,89.69,78.85,88.67,659416
10/5/2024,86.23,94.58,80.74,90.8,4927268
10/6/2024,90.03,97.79,87.65,88.89,2500175
10/7/2024,88.09,96.03,83.52,84.91,4692871
10/8/2024,85.88,86.04,80.73,82.01,1704409
10/9/2024,79.92,79.94,76.39,78.42,2071302
10/10/2024,80.06,80.92,70.31,71.03,4912906
10/11/2024,71.47,79.33,66.39,66.65,4443778
10/12/2024,62.09,65.96,58.36,64.04,3495520
10/13/2024,66.93,70.38,59.6,66.37,3289368
10/14/2024,62.7,66.22,59.31,63.75,4397539
10/15/2024,68.56,73.35,66.74,67.63,4339294
10/16/2024,63,65.02,55.09,63.89,3147409
10/17/2024,68.22,73.37,58.33,66.5,2624949
10/18/2024,61.87,68.34,59.01,67.05,901009
10/19/2024,70.71,74.03,69.47,71.15,3855625
10/20/2024,73.58,82.53,69.71,82.19,4662454
10/21/2024,84.11,87.78,76.14,79.24,1192995
10/22/2024,81.51,82.3,75.49,81.09,2964291
10/23/2024,79.3,80.1,72.69,74.96,4074520
10/24/2024,71.63,76.07,67.16,73.64,3457481
10/25/2024,74.79,79.14,68.4,76.9,981154
10/26/2024,72.65,79.03,69.02,77.04,1842065
10/27/2024,81.57,83,75.49,81.36,791914
10/28/2024,77.62,79.98,71.17,74.36,771667
10/29/2024,75.41,82.2,65.92,71.98,1144961
10/30/2024,72.72,78.01,68.74,74.76,2593894
10/31/2024,79.37,79.63,77.51,78.61,1487850
11/1/2024,76.23,78.83,71.77,78.8,2895592
11/2/2024,80.74,90.73,78.74,80.37,1121193
11/3/2024,79.89,88.88,75.44,76.62,3180896
11/4/2024,78.3,85.4,72.8,76.46,3016218
11/5/2024,79.97,87.09,70.7,81.15,3532416
11/6/2024,81.24,82.45,79.23,79.68,4644156
11/7/2024,74.94,80.48,71.25,78.67,1588599
11/8/2024,79.79,80.65,76.7,80.65,4515333
11/9/2024,80.91,88.6,72.68,73.85,3159420
11/10/2024,75.27,79.77,68.47,72.36,2026417
11/11/2024,75.04,76.33,70.01,75.5,1541538
11/12/2024,75.68,78.72,74.06,78.42,2391381
11/13/2024,76.88,86.29,67.93,83.46,2602229
11/14/2024,80.42,89.98,77.68,85.37,4975138
11/15/2024,81.3,87.71,75.38,82.54,1936134
11/16/2024,84.13,91.34,78.08,89.25,845562
11/17/2024,92.5,92.78,92.05,92.52,2720094
11/18/2024,94.03,101.7,89.86,97.43,4677846
11/19/2024,101.32,106.78,94.9,98.49,2554184
11/20/2024,101.54,108.39,98.57,99.29,1002586
11/21/2024,95.87,100.03,91.23,94.22,1705180
11/22/2024,92.35,99.53,85.01,97.51,3844677
11/23/2024,93.82,97.53,88.2,91.18,4413055
11/24/2024,87.41,91.91,86,86.3,3722482
11/25/2024,89.94,94.12,80.31,92.77,3246730
11/26/2024,97.11,104.32,95.21,96.66,4817824
11/27/2024,96.33,105.12,91.36,92.6,3798754
11/28/2024,92.65,102.32,90.5,94.67,923963
11/29/2024,92.48,98.46,84.05,93.74,2897031
11/30/2024,94.11,102.58,89.8,101.08,3568365
12/1/2024,103.72,107.38,99.71,104.08,2132887
12/2/2024,102.71,105.6,98.85,101.89,2846467
12/3/2024,105.14,111.37,99.03,100.62,1311023
12/4/2024,99.56,107.51,96.17,106.82,1710202
12/5/2024,103.81,108.9,98.81,99.27,1649544
12/6/2024,101.41,109.45,96.22,98.19,4824375
12/7/2024,94.59,103.9,91.4,96.31,3010159
12/8/2024,97.25,102.32,92.15,97.13,3014825
12/9/2024,96.88,97.05,93.57,93.95,3994193
12/10/2024,94.79,102.76,87.54,98.01,723532
12/11/2024,98.98,101.64,92.42,101.38,2408770
12/12/2024,103.59,109.43,101.88,106.63,3689267
12/13/2024,103.11,109.92,102.79,109.55,1421870
12/14/2024,106.46,110.87,102.27,105.82,2210367
12/15/2024,104.92,112.67,95.71,110.51,1022453
12/16/2024,112.57,117.76,106.96,117.74,4512866
12/17/2024,117.99,121.13,116.26,120.7,3371647
12/18/2024,121.16,127.92,112.48,122.99,2717630
12/19/2024,124.09,126.01,121.62,124.07,2386321
12/20/2024,128.48,138.3,120.77,133.13,4602055
12/21/2024,131.3,134.79,121.96,132.17,2793928
12/22/2024,130.05,135.78,124.62,134.62,3809578
12/23/2024,137.8,147.35,129.75,134.86,2912818
12/24/2024,139.41,140.2,130.17,136.75,4518808
12/25/2024,133.89,142.17,131.18,137.36,2778526
12/26/2024,133.73,139.89,127.86,130.78,4954698
12/27/2024,128.04,130.37,127.04,128.14,4462811
12/28/2024,124.15,131.86,124.1,128.37,1824905
12/29/2024,127.44,136.79,118.66,127.32,2173157
12/30/2024,129.88,132.75,127.03,127.37,1250450
12/31/2024,128.89,131.21,121.5,129.76,812880
1/1/2025,133.89,135.64,125.07,126.93,804840
1/2/2025,131.9,135.87,126.95,135.3,2928224
1/3/2025,139.07,139.16,133.39,134.01,3310536
1/4/2025,131.86,141.75,126.43,134,1625750
1/5/2025,137.51,142.19,135.58,136.32,1863100
1/6/2025,138.63,145.11,131.44,131.63,3327901
1/7/2025,134.54,140.22,126.97,129.3,3901499
1/8/2025,132.57,137.72,131.7,135.73,2050057
1/9/2025,140.55,145.32,131.19,131.29,3717655
1/10/2025,128.65,136.19,119.11,124.27,595929
1/11/2025,121.89,125.49,119.53,123.51,4404016
1/12/2025,121.58,125.63,116.55,124.68,3108672
1/13/2025,126.58,132.97,117.17,122.98,2352617
1/14/2025,120.17,121.51,118.64,120.79,3634192
1/15/2025,119.95,125.44,115.24,120.72,2332169
1/16/2025,123.34,130.14,117.38,127.43,4908269
1/17/2025,126.9,133.94,126.12,130.53,1018064
1/18/2025,133.82,142.85,131.8,137.73,1880237
1/19/2025,136.01,141.21,134.85,136.16,4600586
1/20/2025,132.07,137.17,123.98,129.96,4805434
1/21/2025,129.11,134.75,123.52,131.08,3085113
1/22/2025,133.31,137.27,125.15,134.19,1112616
1/23/2025,129.64,133.09,129,133.07,1078974
1/24/2025,137.93,142.65,135.06,136.43,1636059
1/25/2025,139.09,148.87,132.63,139.46,3708471
1/26/2025,138.95,148.12,135.18,136.22,1615599
1/27/2025,137.76,141.24,135.98,138.81,4936252
1/28/2025,135.08,144.87,126.73,140.45,3002850
1/29/2025,140.08,147.27,135.84,140.18,2426561
1/30/2025,137.66,141.12,134.9,140.73,1446609
1/31/2025,136.05,142.65,129.9,141.84,631246
2/1/2025,139.25,139.92,133.31,136.26,908326
2/2/2025,133.71,134.15,129.32,131.93,973486
2/3/2025,128.33,138.26,125.99,137.23,3175158
2/4/2025,138,145.73,129.82,133.59,1701755
2/5/2025,138.45,143.66,134.31,136.88,1969123
2/6/2025,138.14,142.41,133.18,142.15,3697356
2/7/2025,145.01,148.2,140.85,141.95,3657976
2/8/2025,138.79,144.17,136.38,138.14,1710910
2/9/2025,141.2,150.35,135.58,149.87,4945893
2/10/2025,146.21,148.64,144.18,147.06,4273085
2/11/2025,150.53,151.45,143.28,144.84,2752019
2/12/2025,143.61,149.66,143.21,143.68,2320466
2/13/2025,143.47,152.16,140.14,151.64,628628
2/14/2025,148.76,150.66,141.35,148.3,4517479
2/15/2025,152.44,159.4,145.4,150.95,2507653
2/16/2025,151.47,159.23,147.66,153.83,3513687
2/17/2025,151.91,155.51,143.08,148.87,4438371
2/18/2025,151.49,154.69,149.46,151.1,883488
2/19/2025,151.73,153.94,150.27,151.23,4002898
2/20/2025,149.18,151.14,146.88,149.31,2561332
2/21/2025,149.3,155.85,142.45,145.9,4598850
2/22/2025,150.57,156.99,145.66,147.57,3454267
2/23/2025,144.26,151.46,139.38,150.46,992680
2/24/2025,150.7,159.09,149.96,157.43,906968
2/25/2025,160.07,164.19,151.64,154.54,1766928
2/26/2025,149.63,154.69,145.9,151.33,4553410
2/27/2025,152.92,153.08,147.6,149.85,640309
2/28/2025,150.14,152.89,140.37,140.58,4111909
3/1/2025,143.64,152.74,142.57,143.55,1749042
3/2/2025,140.96,147.16,138.44,141.53,3829408
3/3/2025,137.32,146.91,132.73,136.18,2394627
3/4/2025,134.18,142.46,133.37,142.38,765788
3/5/2025,138.32,142.11,132.79,133.31,579273
3/6/2025,135.34,136.17,126.89,132.87,3278899
3/7/2025,133.53,142.11,132.58,137.61,856950
3/8/2025,134.91,143.92,127.99,137.02,2774110
3/9/2025,132.49,133.23,123.23,132.22,776000
3/10/2025,129.01,137.51,128.85,130.64,1709566
3/11/2025,133.16,140.29,129.18,130.03,1862731
3/12/2025,130.67,136.34,122.18,131.77,3282751
3/13/2025,130.61,138.01,122.71,133.26,1157899
3/14/2025,133.27,143.01,132.73,137.22,1137687
3/15/2025,135.63,143.32,126.08,132.92,3237845
3/16/2025,128.22,130.95,118.29,124.5,3484760
3/17/2025,125.03,128.78,123.17,126.46,3688281
3/18/2025,122.32,128.51,114.34,124.44,1188184
3/19/2025,122.12,125.92,114.28,116.08,3768386
3/20/2025,114.25,115.32,114.2,114.55,3519206
3/21/2025,117.16,118.18,116.29,117.1,4798665
3/22/2025,116.18,116.44,112.64,112.99,3221518
3/23/2025,116.63,116.75,112.49,115.81,2536271
3/24/2025,116.53,118.23,112.72,113.49,3026072
3/25/2025,111.17,112.63,109.5,110.36,3014504
3/26/2025,110.2,110.97,107.68,108.49,4659092
3/27/2025,109.43,111.39,108.36,109.28,3819304
3/28/2025,107.6,113.8,99.56,104.25,3307970
3/29/2025,103.56,111.8,97.05,105.82,3020233
3/30/2025,104.03,113.5,102.02,105.63,3840675
3/31/2025,110.32,113.23,103.37,108.21,2533602
4/1/2025,106.47,109.27,98.61,102.5,2176044
4/2/2025,103.42,108.88,96.6,103.36,4372367
4/3/2025,107.79,109.89,99.81,108.19,1080144
4/4/2025,111.38,119.34,107.29,113.31,3040344
4/5/2025,110.73,117.32,103.58,114.42,1120464
4/6/2025,113.91,119.89,108.09,114.4,4008960
4/7/2025,114.84,122.75,111.24,121.55,1212880
4/8/2025,117.64,120.12,110.99,112.51,871587
4/9/2025,113.14,119.59,106.67,119.16,3281634
4/10/2025,123.82,128.12,123.71,124.85,4783862
4/11/2025,127.32,132.9,120.44,123.19,3638342
4/12/2025,122.1,129.82,116.21,123.02,3393796
4/13/2025,128,132.83,125.05,132.21,1220202
4/14/2025,128.37,137.78,126.95,130.33,4319606
4/15/2025,133.17,138.38,129.69,130.54,4295402
4/16/2025,128.73,131.73,120.63,121.91,3377946
4/17/2025,123.39,130.16,121.75,130.02,2546090
4/18/2025,130.18,135.7,126.87,130.63,4375991
4/19/2025,127.95,132,126.11,129.88,4125006
4/20/2025,128.84,136.21,120.01,127.29,4103350
4/21/2025,126.18,133.23,124.12,130.97,1024822
4/22/2025,131.74,139.74,126.37,131.26,2153178
4/23/2025,130.84,133.46,122.21,128.15,3129024
4/24/2025,129.12,135.23,123.25,127.42,4340812
4/25/2025,128.59,136.73,121.53,126.05,1210951
4/26/2025,127.77,130.9,125.38,126.03,3631518
4/27/2025,127.96,133.07,123.78,125.06,3718792
4/28/2025,124.29,129.16,118.92,128.33,1953198
4/29/2025,128.88,133.78,127.48,129.46,4283270
4/30/2025,130.65,139.31,121.13,129.94,2136856
5/1/2025,133.09,142.73,128.04,135.31,4624895
5/2/2025,134.47,142.87,129.58,130.68,758878
5/3/2025,133.64,135.85,133.31,133.88,2921542
5/4/2025,130.56,135.13,123.13,132.32,4784951
5/5/2025,128.45,129.59,120.7,128.02,3577459
5/6/2025,128.44,136.01,120.84,127.54,2333262
5/7/2025,132.44,133.46,124.14,131.14,2997363
5/8/2025,134.89,135.21,132.26,134.8,1229666
5/9/2025,134.19,144.13,126.43,130.62,3441304
5/10/2025,134.23,140.33,129.95,136.35,2233251
5/11/2025,139.49,147.54,133.79,141.11,1912451
5/12/2025,139.35,146.39,136.46,139.11,4815225
5/13/2025,143.96,150.75,143.01,150.46,3952719
5/14/2025,154.65,164.57,145.98,148.34,1613091
5/15/2025,145.84,152.95,137.56,149.28,3794212
5/16/2025,149.17,154.94,146.48,149.98,4291581
5/17/2025,145.74,153.69,138.05,144.35,2833926
5/18/2025,146.3,155.07,141.75,148.25,520745
5/19/2025,151.94,160.41,151.01,160.15,3504990
5/20/2025,163.65,171.61,159.67,171.23,2277138
5/21/2025,171.18,174.41,168.34,171.66,1595503
5/22/2025,172.32,177.17,168.88,174.54,906086
5/23/2025,170,176.26,161.63,161.87,1825261
5/24/2025,161.28,161.29,151.7,153.64,1606567
5/25/2025,157.46,160.48,148.72,159.03,1282992
5/26/2025,160.58,163.08,156.86,162.48,1888525
5/27/2025,158,164.26,150.74,160.95,4100650
5/28/2025,162.5,169.54,162.49,165.85,1613166
5/29/2025,166.79,171.98,162.34,162.42,3382108
5/30/2025,165.59,175.47,161.37,163.23,1094150
5/31/2025,160.52,161.41,152.46,153.38,3583330
6/1/2025,157.19,158.56,149.46,156.31,1616911
6/2/2025,157.73,164.5,157.05,161.25,1876709
6/3/2025,160.65,167.87,154.37,156.41,3953672
6/4/2025,157.57,161.99,155.4,161.31,1674515
6/5/2025,163.83,169.73,159.99,169.37,3138247
6/6/2025,172.28,174.76,165.83,168.05,2890088
6/7/2025,170.84,177.74,162.36,172.49,3030418
6/8/2025,169.54,175.61,167.65,170.77,957759
6/9/2025,173.61,181.55,171.22,175.21,2522340
6/10/2025,175.21,181.15,169.93,180.9,3529111
6/11/2025,185.24,186.56,176.63,182.27,3565301
6/12/2025,182.73,184.46,178.02,184.38,1112299
6/13/2025,179.55,180.23,176.93,177.06,1007249
6/14/2025,181.55,185.53,178.69,183.56,3984896
6/15/2025,182.8,186.82,176.39,182,1780776
6/16/2025,179.77,182.87,174.66,176.33,1803397
6/17/2025,176.69,180.6,170.35,178.9,1054613
6/18/2025,177,181.37,167.47,170.79,2550844
6/19/2025,166.65,170.99,162.12,167.52,3094513
6/20/2025,169.18,175.76,167.42,167.53,1651015
6/21/2025,169.54,171.18,160.01,165.85,2674721
6/22/2025,162.52,163.79,154.71,157.15,1490331
6/23/2025,159.86,160.15,151.79,154.06,1035797
6/24/2025,151.69,161.44,145.41,153.36,4784748
6/25/2025,151.96,156.96,146.29,150.21,2640068
6/26/2025,152.94,161.88,146.2,148.01,4768332
6/27/2025,143.04,151.63,142.92,143.32,3553256
6/28/2025,142.15,143.65,132.84,142.11,4017924
6/29/2025,139.36,141.84,130.2,133.92,1153364
6/30/2025,134.64,135.83,127.91,128.33,2372211
7/1/2025,131.37,141.18,121.83,123.16,4401492
7/2/2025,126.82,134.56,123.71,124.65,4331464
7/3/2025,119.73,121.74,114.09,116.41,2534942
7/4/2025,116.05,121.97,111.12,119.5,2139322
7/5/2025,121.82,127.29,113.86,115.88,3939632
7/6/2025,111.12,116.54,104.76,112.93,580487
7/7/2025,117.44,117.45,110.87,116.46,3079586
7/8/2025,112.5,117.8,110.12,113.9,1002436
7/9/2025,118.63,120.05,115.83,116.02,2441732
7/10/2025,119.99,125.19,112.98,117.53,1212213
7/11/2025,118.34,123.39,111.97,116.47,1022466
7/12/2025,115.82,125.46,113.45,116.58,3142486
7/13/2025,120.84,124.77,112.52,116.52,4298008
7/14/2025,114.24,114.99,112.21,114.38,1414130
7/15/2025,110.93,112.57,106.27,108.83,4995660
7/16/2025,107.41,115.11,102.89,108.55,1505907
7/17/2025,104.45,112.53,101.41,109.25,838310
7/18/2025,106.4,114.97,104.92,112.07,3484186
7/19/2025,111.03,111.52,108.04,110.89,1958508
7/20/2025,106.2,110.24,101.68,108.08,2595915
7/21/2025,104.03,105.05,96.09,97.18,1017318
7/22/2025,100.48,110.31,99.17,108.35,3622573
7/23/2025,110.21,119.59,109.37,115.36,1129038
7/24/2025,110.58,111.22,101.56,105.84,1580381
7/25/2025,101.76,110.23,93.67,95.7,4367105
7/26/2025,91.21,100.45,86.88,96.71,4661809
7/27/2025,92,98.83,90.27,92.11,2069937
7/28/2025,89.86,94.32,88.37,92.02,2561792
7/29/2025,93.49,98.48,84.66,91.28,1235861
7/30/2025,89.08,90.45,87.09,90.06,4910848
7/31/2025,87.55,97.49,82.11,82.41,3708626
8/1/2025,85.23,88.82,79.78,84.16,4714380
8/2/2025,82.38,85.08,82.12,83.89,745815
8/3/2025,87.85,95.64,87.26,95.57,4941199
8/4/2025,94.14,99.98,91.81,93.11,2579175
8/5/2025,94.68,97.35,86.52,96.45,968995
8/6/2025,99.09,108.57,93.33,108.31,3758324
8/7/2025,106.86,115.25,98.41,101.38,3167613
8/8/2025,104.44,111.42,95.3,95.75,3450123
8/9/2025,100.23,105.87,94.6,96.72,4629097
8/10/2025,97.14,98.9,96.76,96.88,2335502
8/11/2025,92.08,96.86,88.76,93.73,1594625
8/12/2025,92.14,93.91,84.12,92.62,999591
8/13/2025,87.84,93.71,78.67,90.32,4914881
8/14/2025,93.93,103.54,90.19,102.76,3818496
8/15/2025,103.62,106.99,100.39,106.83,4164717
8/16/2025,109.75,119.36,103.26,106.06,3493269
8/17/2025,103.29,109.18,101.54,103.88,2970589
8/18/2025,100.15,107.44,90.66,106.58,3784990
8/19/2025,110.09,117.8,104.42,106.86,3169396
8/20/2025,111.07,120.75,108.86,115.58,4662301
8/21/2025,111.99,119.44,109.61,119.27,1908341
8/22/2025,120.63,130.26,112.41,124.37,3316470
8/23/2025,123.84,126.49,121.34,121.69,2653002
8/24/2025,124.56,131.76,124.08,127.45,4020306
8/25/2025,132.14,140.99,127.21,132.43,3648643
8/26/2025,128.44,133.23,119.8,128.54,2392325
8/27/2025,125.17,125.91,116.71,119.42,3173591
8/28/2025,117.03,118.08,113.61,117.58,1849764
8/29/2025,119.9,125.37,110.92,112.27,4549489
8/30/2025,114.32,118.63,107.78,114.37,4142336
8/31/2025,110.94,111.95,108.88,109.46,2725202
9/1/2025,111.07,114.04,110.11,111.65,4618372
9/2/2025,108.19,111.8,103.91,106.23,4529286
9/3/2025,103.23,103.49,101.52,102.09,1187329
9/4/2025,101.83,102.99,93.98,98.22,2723018
9/5/2025,94.13,99.57,92.28,98.74,3598765
9/6/2025,95.61,96.06,91.21,92.49,2752861
9/7/2025,93.13,94.64,86.17,86.99,3383931
9/8/2025,90.07,94.21,82.51,85.17,1011568
9/9/2025,88.58,96.76,84.39,91.01,4483115
9/10/2025,91.74,94.1,88.75,90.86,791323
9/11/2025,90.88,99.88,82.88,94.4,1736880
9/12/2025,90.6,98.17,88.87,98.02,2277463
9/13/2025,101.1,102.36,96.87,102.3,4152343
9/14/2025,99.32,107.55,97.84,103.62,3182253
9/15/2025,107.73,116.87,107.06,110.87,3833255
9/16/2025,111.39,119.96,106.19,118.82,603715
9/17/2025,121.69,127.92,116.46,121.27,3976594
9/18/2025,117.77,123.44,111.94,123.04,1340572
9/19/2025,127.29,132.92,126.28,128.18,4993219
9/20/2025,131.98,140.76,129.34,136.82,4468202
9/21/2025,132.19,134.94,130.75,133.3,3869870
9/22/2025,128.69,137.59,125.38,128.28,4486419
9/23/2025,132.49,141.46,132.29,139.79,3042209
9/24/2025,137.9,146.33,129.32,140.97,2412245
9/25/2025,137.31,147.05,132.88,144.58,2760058
9/26/2025,146.87,152.92,145.98,149.05,3915592
9/27/2025,151.46,159.05,142.79,156.14,4822395
9/28/2025,159.05,159.71,151.95,155.08,4898031
9/29/2025,158.87,159.16,156.94,158.79,983414
9/30/2025,156.28,160.84,147.1,156.78,2798289
10/1/2025,155.46,160.1,151.49,159.44,756382
10/2/2025,156.86,161.75,152.4,161.38,4481084
10/3/2025,162.25,165.75,160.61,165.21,1258262
10/4/2025,163.06,166.93,161.43,164.58,2297834
10/5/2025,168.15,174.62,161.37,164.94,3935195
10/6/2025,165.07,173.72,155.4,167.9,4477015
10/7/2025,172.02,178.49,166.01,166.12,2617204
10/8/2025,167.2,176.63,160.07,171.82,2810042
10/9/2025,171.06,174.82,167.57,169.4,4414946
10/10/2025,167.42,172.63,161.18,167.87,561635
10/11/2025,167.99,174.61,159.56,165.19,2871265
10/12/2025,163.17,164.25,162.53,164.23,3227447
10/13/2025,167.84,170.45,160.73,169.4,3006441
10/14/2025,166.28,171.45,163.88,164.31,3889823
10/15/2025,165.92,172.73,158.71,167.9,2979711
10/16/2025,165.49,169.68,161.61,161.9,2093123
10/17/2025,160.33,167.46,153.47,162.4,4490756
10/18/2025,166.47,173.19,161.4,171.37,2019477
10/19/2025,169.31,174.02,161.9,170.69,2035688
10/20/2025,175.16,184.16,168.62,172.07,2373410
10/21/2025,174.51,177.58,166.63,170.26,2685729
10/22/2025,171.12,175.76,169.94,170.25,1097400
10/23/2025,169.97,171.92,168.77,170.91,4944607
10/24/2025,168.89,169.43,160.35,161.6,2180209
10/25/2025,160.03,169.9,151.1,169.65,1701451
10/26/2025,167.81,174.97,160.02,167.31,1983309
10/27/2025,165.44,166.02,160.92,161.99,1914367
10/28/2025,162.75,164.33,154.9,162.25,1585535
10/29/2025,163.39,169.72,159.36,169.36,3715491
10/30/2025,164.41,169.75,157.1,169.12,3202919
10/31/2025,171.69,177,171.51,171.53,2587279
11/1/2025,168.79,177.56,165.67,166.89,4722292
11/2/2025,167.78,169.45,159.54,162.5,2939640
11/3/2025,162.06,167.26,156.82,161.35,1622307
11/4/2025,159.78,168.79,156.19,158.56,3883894
11/5/2025,153.75,155.99,143.9,146.45,683821
11/6/2025,147.35,149.04,143.68,147.17,813427
11/7/2025,145.92,152.32,138.21,147,902320
11/8/2025,148.62,155.16,148.42,153.07,3996166
11/9/2025,152.51,153.75,149.98,152.63,2223816
11/10/2025,154.58,160.88,151.57,157.73,4864670
11/11/2025,155.43,161.49,154.06,160.23,1380084
11/12/2025,160.35,166.53,157.52,164.59,4675337
11/13/2025,161.58,163.58,158.95,161.37,2191757
11/14/2025,159.95,164.05,158.35,161.47,2242263
11/15/2025,163.35,168.16,161,161.09,1246609
11/16/2025,165.16,173.51,158.47,160.71,1255668
11/17/2025,163.51,164.26,156.27,163.5,2439113
11/18/2025,163.07,172.84,160.43,161.05,1965504
11/19/2025,164.79,173.31,161.19,169.39,4073506
11/20/2025,171.78,172.73,164.2,164.59,1660936
11/21/2025,166.22,167.93,162.64,164.96,2750742
11/22/2025,168.74,169.67,160.59,162.25,3861965
11/23/2025,161.25,165.82,152.89,161.81,4511809
11/24/2025,164.81,171.3,156.84,158.47,991961
11/25/2025,163.29,171.73,162.25,170.89,4548970
11/26/2025,173.91,180.69,172.1,175.36,3508145
11/27/2025,176.47,185.1,167.67,180.35,1596016
11/28/2025,180.18,185.06,171.3,177.36,1031301
11/29/2025,174.98,178.12,167.93,174.84,2378921
11/30/2025,179.62,186.32,176.24,181.51,1298948
12/1/2025,180.84,188.11,176.02,184.04,3728579
12/2/2025,180.53,188.79,171.61,182.14,597684
12/3/2025,183.57,185.14,175.08,183.65,1887508
12/4/2025,179.4,184.32,176.99,184.1,922372
12/5/2025,184.17,189.67,180.38,187.97,1161278
12/6/2025,187.56,195.57,183.08,193.78,4250279
12/7/2025,191.94,201.75,184.49,184.8,3884297
12/8/2025,183.92,189.49,183.92,184.43,3055152
12/9/2025,188.33,193.95,181.78,187.33,3359292
12/10/2025,185.96,186.5,183.73,184.99,4468932
12/11/2025,187.16,190.79,182.63,183.43,2360149
12/12/2025,178.45,182,172.11,180.02,4878728
12/13/2025,178.76,179.82,169.79,174.73,3932708
12/14/2025,170.8,176.91,168.92,176.35,3795854
12/15/2025,173.51,181.76,171.6,175.03,3976829
12/16/2025,170.5,176.83,163.78,165.39,4279106
12/17/2025,164.96,170.85,159.92,170.45,536386
12/18/2025,170.75,171.24,161.4,169.65,4551126
12/19/2025,173.89,181.7,164.79,176.49,1956684
12/20/2025,178.79,180.07,174.92,178.01,3199821
12/21/2025,178.05,181.9,168.25,180.75,2582377
12/22/2025,178.49,188.13,168.79,177.55,1618804
12/23/2025,173.93,179.96,165.07,172.7,3133274
12/24/2025,174.82,184.18,168.49,171.64,2937557
12/25/2025,173.51,182.72,172.18,179.67,1991601
12/26/2025,179.71,186.65,176.49,177.66,3454784
12/27/2025,178.28,184.11,168.85,179.69,4978701
12/28/2025,177.55,186.02,169.47,178.12,711998
12/29/2025,176.93,177.46,176.36,176.65,1850023
12/30/2025,181.49,188.32,180.03,180.54,2975818
12/31/2025,177.58,182.99,173.99,178.06,2381626
1/1/2026,180.48,186.09,178.1,184.37,2912887
1/2/2026,186.3,186.77,182.48,184.27,3122731
1/3/2026,188.93,189.47,181.49,183.11,4216688
1/4/2026,186.41,195.52,179.36,189.83,2148102
1/5/2026,192.59,202.23,189.65,191.88,1124691
1/6/2026,188.75,190.49,183.61,186.21,4094584
1/7/2026,184,186.64,182.39,185.99,547354
1/8/2026,184.3,191.4,182.75,184.08,3206416
1/9/2026,185.05,192.79,178.8,190.6,3026269
1/10/2026,190.51,196.24,186.93,194.23,3166394
1/11/2026,194.48,204.05,189.27,200.89,1836896
1/12/2026,200.05,205.42,199.13,200.52,2289741
1/13/2026,202.15,205.46,199.21,205.15,4950147
1/14/2026,204.9,210.51,197.38,205.91,1462357
1/15/2026,207.6,212.06,198.56,206.84,2545370
1/16/2026,211.43,218.26,208.22,217.42,1451050
1/17/2026,216.28,221.68,213.45,220.95,3645376
1/18/2026,221.09,226.18,216.22,219.17,2114910
1/19/2026,217.37,218.19,216.41,218.14,4972854
1/20/2026,213.21,213.86,206.51,212.2,4058526
1/21/2026,215.56,217.62,207.27,216.36,4151038
1/22/2026,217.83,227.23,210.36,212.95,4352260
1/23/2026,215.12,215.5,214.39,214.59,2613157
1/24/2026,215.17,220.92,212.89,214.97,3755053
1/25/2026,214.48,218.52,211.32,214.12,1492420
1/26/2026,214.47,220.88,208.29,217.81,881823
1/27/2026,219.82,220.55,210.54,211.6,3027912
1/28/2026,212.67,215.49,203.4,208.01,758529
1/29/2026,207.75,213.08,206.39,209.01,2974458
1/30/2026,213.61,215.05,206.84,214.35,3630045
1/31/2026,218.92,219.03,210.17,211.42,850418
2/1/2026,206.47,212.44,201.1,211.84,3055934
2/2/2026,208.94,216.35,201.68,204.79,4799603
2/3/2026,201.21,203.05,195.04,197.06,1461523
2/4/2026,193.87,201.87,185.35,199.41,4369372
2/5/2026,200.86,201.59,194.14,196.01,2156058
2/6/2026,198.27,203.14,194.96,196.01,2467404
2/7/2026,192.01,198.21,183.01,187.84,4280292
2/8/2026,186.12,192.71,179.19,181.25,3557592
2/9/2026,184.33,193.92,182.64,186.17,2358292
2/10/2026,188.29,194.7,185.52,188.82,3281351
2/11/2026,192.6,197.23,189.01,191.52,1412954
2/12/2026,188.28,194.35,179.86,192.3,1674419
2/13/2026,196.21,198.17,188.87,194.7,1132500
2/14/2026,198.62,207.12,192.3,204.34,3898514
2/15/2026,207.03,209.16,206.66,207.31,4460294
2/16/2026,208.85,210.34,204.93,209.75,2941077
2/17/2026,206.09,211.1,205.18,207.33,588849
2/18/2026,208.96,217.44,200.89,211.05,1891196
2/19/2026,213.62,215.02,212.03,213.72,1726406
2/20/2026,216.08,220.92,212.49,214.33,4590638
2/21/2026,211.65,214.29,209.31,212.64,4844336
2/22/2026,216.72,220.33,212.02,215.8,889545
2/23/2026,211.2,217.69,210.17,217.45,2794244
2/24/2026,220.8,223.43,215.36,216.76,3675243
2/25/2026,215.41,221.94,207.06,214.75,3656874
2/26/2026,219.48,221.71,215.42,220.56,3394340
2/27/2026,220.43,225.25,214.39,219.84,1665750
2/28/2026,219.24,221.54,214.09,216.18,1760307
3/1/2026,213.05,216.67,205.88,207.16,2432285
3/2/2026,206.31,209.61,205.18,208.17,4518320
3/3/2026,205.28,206.89,196.95,197.17,861920
3/4/2026,193.45,199.37,192.1,195.83,1731993
3/5/2026,191.39,193.97,189.59,193.79,656196
3/6/2026,197.58,204.86,189.37,204.04,2316917
3/7/2026,203.53,213.46,194.86,198.03,3945762
3/8/2026,199.04,206.99,190.84,193.78,4784942
3/9/2026,191.43,198.67,188,192.84,1077496
3/10/2026,190.14,193.99,189.05,190.05,4730874
3/11/2026,191.89,200.16,185.83,188.37,827462
3/12/2026,192.15,197.46,184.63,185.83,1593277
3/13/2026,189.85,195.24,189.84,194.9,4119657
3/14/2026,195.12,198.82,194.69,196.88,2425070
3/15/2026,201.26,206.08,193.57,197.95,1319708
3/16/2026,197.2,199.75,189.54,198.83,1203112
3/17/2026,196.66,205.43,192.57,195,559677
3/18/2026,195.78,196.96,195.71,196.53,3149975
3/19/2026,195.62,196.69,191.36,194.48,2691967
3/20/2026,198.03,202.27,194.37,196.55,3834087
3/21/2026,199.1,203.23,191.26,197.04,3605571
3/22/2026,197.63,202.47,187.74,196.25,3839754
3/23/2026,198.61,207.16,192.02,203.34,4246309
3/24/2026,206.17,215.66,205.17,210.5,3339022
3/25/2026,213.51,219.65,206.66,207.34,3764038
3/26/2026,211.99,212.04,211.08,211.22,4152210
3/27/2026,207.1,209.73,203.39,207.25,3723960
3/28/2026,211.56,215.57,205,208.03,982034
3/29/2026,212.49,220.69,206.09,212.5,2192042
3/30/2026,216.01,225.32,210.83,213.65,4782785
3/31/2026,213.81,216.13,212.12,212.26,2507030
4/1/2026,213.81,223.57,212.94,215.87,3850692
4/2/2026,214.4,218.35,208.54,213.62,1075602
4/3/2026,217.81,223.31,210.55,217.68,3420034
4/4/2026,216.15,224.31,213.89,223.93,4314795
4/5/2026,228.23,233.98,225.62,229.02,1393092
4/6/2026,229.61,234.64,226.21,227.2,4805760
4/7/2026,231.77,240.53,223.64,233.35,4214212
4/8/2026,238.01,243.64,230.31,240.41,4349099
4/9/2026,242.23,251.2,233.61,242.09,2662748
4/10/2026,237.77,244.11,227.83,238.85,2428793
4/11/2026,241.85,245.97,238.32,242.42,2709137
4/12/2026,239.9,240.83,233.16,239.46,1137775
4/13/2026,240.01,241.79,236.87,237.95,2757171
4/14/2026,234.78,242.24,225.48,228.67,2174924
4/15/2026,226.02,228.44,223.37,224.53,2594597
4/16/2026,227.89,231.45,220.1,221.46,1158401
4/17/2026,223.22,229.85,217.08,226.84,854528
4/18/2026,230.32,234.03,227.17,233.33,2804627
4/19/2026,233.24,243.08,224.08,229.41,2363049
4/20/2026,231.91,233.19,226.65,229.42,773155
4/21/2026,229.44,233.38,222.58,224.47,1509721
4/22/2026,226.45,231.05,219.56,219.7,2267919
4/23/2026,218.49,219.5,214.87,218.86,2069948
4/24/2026,219.35,221.72,214.64,218.98,3569594
4/25/2026,215.82,220.06,211.63,217.97,3562496
4/26/2026,221.51,224.31,219.71,220.31,2417356
4/27/2026,223.45,230.66,215.41,223.88,3695081
4/28/2026,220.84,228.84,213.45,220.73,581724
4/29/2026,217.5,222.5,207.54,220.25,4836968
4/30/2026,220.59,223.75,215.72,217.74,900214
5/1/2026,216.72,223.63,216.12,222.23,4497502
5/2/2026,225.62,226.58,218.17,220.35,3522470
5/3/2026,220.95,230.27,218.37,218.61,1517013
5/4/2026,217.12,223.92,211.06,218.48,1964137
5/5/2026,223.27,226.12,220.02,223.13,4249121
5/6/2026,227.03,230.84,224.16,228.38,1715075
5/7/2026,232.06,238.47,222.77,229.39,3895479
5/8/2026,232.88,233.59,231.26,231.79,3158167
5/9/2026,233.32,240.42,227.27,232.47,4232078
5/10/2026,235.28,244.67,227.8,236.59,4277295
5/11/2026,235.73,237.57,235.5,237.01,2610968
5/12/2026,241.41,248.42,240.61,241.91,1364104
5/13/2026,237.87,247.24,233.14,233.9,3830382
5/14/2026,234.14,244.1,233.1,239.9,1207254
5/15/2026,241.45,250.3,238.36,241.31,2883835
5/16/2026,240.74,242,235.47,236.58,794901
5/17/2026,238.22,246.82,234.97,240.61,2785177
5/18/2026,241.1,242.45,231.62,237.46,4329763
5/19/2026,238.77,245.13,233.13,239.41,4977705
5/20/2026,237.51,240.98,232.11,239.25,4206592
5/21/2026,237.33,241.45,235.77,235.83,4889894
5/22/2026,238.98,247.46,235.54,241.13,569768
5/23/2026,243.01,247.93,235.46,239.2,4110753
5/24/2026,242.18,248.15,234.21,241.85,2081848
5/25/2026,240.97,246.58,237.02,238.58,3769235
5/26/2026,241.86,244.07,241.07,242.95,4833639
5/27/2026,245.6,254.7,237.52,249.28,2888042
5/28/2026,250.76,256.08,248.07,249.58,1074317
5/29/2026,246.4,249.3,240.03,245.76,2782826
5/30/2026,247.76,252.68,244.55,245.79,4987659
5/31/2026,241.01,250.73,238.19,239.76,4177705
6/1/2026,242.03,244.36,240.52,242.42,3368172
6/2/2026,241.62,249.48,236.64,241.41,766230
6/3/2026,239.71,248.15,230.19,231.2,3791872
6/4/2026,226.91,231.61,224.99,230.56,3700903
6/5/2026,233.84,235.06,226.16,228.38,4215825
6/6/2026,225.85,235.8,223.86,232.64,1288196
6/7/2026,232.85,242.67,228.12,238.03,3118163
6/8/2026,242.39,243.98,235.11,241.72,4869846
6/9/2026,237.94,242.75,234.95,237.76,936941
6/10/2026,241.4,243.58,240.27,242.36,3222216
6/11/2026,237.51,245.45,231.66,237.12,2539181
6/12/2026,232.21,232.63,224.38,228.3,1800166
6/13/2026,227.01,227.9,225.43,225.66,3338890
6/14/2026,229.97,239.94,223.72,224.69,1791161
6/15/2026,226.7,234.61,225.44,227.57,3413512
6/16/2026,230.63,235.02,228.7,233.06,3504526
6/17/2026,235.3,237.81,234.91,236.96,2972245
6/18/2026,237.39,242.29,231.72,237.47,3215231
6/19/2026,239.79,242.54,231.48,241.59,1845058
6/20/2026,237.28,238.83,234.32,235.51,3579564
6/21/2026,235.05,242.81,229.99,239.4,657033
6/22/2026,240.6,244.24,234.4,237.56,1031349
6/23/2026,239.14,244.53,235.27,240.12,4673744
6/24/2026,242.78,244.32,239.95,241.74,3201333
6/25/2026,237.84,243.07,237.17,242.1,1588625
6/26/2026,238.89,239.2,237.82,238.08,766901
6/27/2026,238.79,247.15,232.21,240.07,2646968
6/28/2026,235.56,237.77,228.38,228.5,2251022
6/29/2026,230.06,239.34,221.74,229.98,1009190
6/30/2026,228.59,236.02,219.69,233.11,989056
7/1/2026,236.35,239.01,235.94,236.16,3049336
7/2/2026,231.94,234.1,226.75,227.49,2437919
7/3/2026,227.81,229.7,222.55,224.33,2000704
7/4/2026,224.91,230.49,217.45,227.44,3502814
7/5/2026,229.18,236.21,224.91,226.09,2013275
7/6/2026,226.59,231.64,220.01,226.22,4216255
7/7/2026,230.56,239.58,225.06,239.53,3618209
7/8/2026,238.65,244.98,230.39,235.11,2519327
7/9/2026,235.74,237.88,228.08,237.16,2631454
7/10/2026,235.76,240.28,226.16,226.16,790773
7/11/2026,230.99,236.95,225.81,236.88,3032031
7/12/2026,231.95,241.79,229.8,233.58,2814896
7/13/2026,237.77,242.88,232.06,238.24,1290937
7/14/2026,233.62,237.18,232.24,234.05,2595951
7/15/2026,231.38,239.49,230.46,234.07,2323996
7/16/2026,236.41,243.65,228.48,231.1,1299971
7/17/2026,232.05,235.05,224.74,230.68,1158316
7/18/2026,233.48,242.7,230.14,241.19,4143209
7/19/2026,240.36,249.04,231.66,235.6,595918
7/20/2026,236.94,243.26,236.4,240,3178621
7/21/2026,240.4,241.9,235.38,236.82,923790
7/22/2026,238.56,248.53,228.85,243.67,4733976
7/23/2026,239.57,243.89,231.71,233.51,3319983
7/24/2026,229.34,235.05,228.85,231.32,1213694
7/25/2026,230.31,234.65,223.33,231.96,4534270
7/26/2026,232.55,237.43,226.03,228.27,4897709
7/27/2026,225.73,226.45,217.96,220.71,1251574
7/28/2026,216.84,220.98,213.19,214.67,3390084
7/29/2026,215.61,215.85,212.56,215.81,4209527
7/30/2026,217.04,221.44,207.8,210.98,3635836
7/31/2026,207.54,214.82,206.68,212.7,2538836
8/1/2026,217.19,226.46,208.5,223.23,615203
8/2/2026,221.66,229.7,218.61,223.84,3283983
8/3/2026,220.93,226.31,218.89,222.77,2669780
8/4/2026,223.26,229.49,213.34,224.57,654254
8/5/2026,223.34,232.4,218.07,221.73,1004239
8/6/2026,219.57,227.46,213.39,214.14,569912
8/7/2026,209.81,216.41,203.18,215.26,3521737
8/8/2026,218.9,219.09,210.23,215.98,2439182
8/9/2026,220.78,225.87,213.68,224.7,4565640
8/10/2026,228.37,233.69,226.51,230.1,4341867
8/11/2026,230.71,237.83,230.31,237.25,3057917
8/12/2026,235.59,239.52,234.02,235.93,3452060
8/13/2026,234.48,237.5,224.52,237.22,2814234
8/14/2026,240.34,246.6,231.55,244.95,747177
8/15/2026,249.39,258.88,247.13,251.15,3795436
8/16/2026,252.72,253.6,248.9,253.41,2407804
8/17/2026,252.58,258.31,248.32,251.44,3262240
8/18/2026,250.93,252.25,244.41,248.97,2197101
8/19/2026,252.6,255.69,245.55,250.86,1634580
8/20/2026,250.16,259.25,242.46,253.48,1825802
8/21/2026,251.65,257.22,242.16,243.94,3164201
8/22/2026,247.34,248.8,247.05,247.61,3973220
8/23/2026,252.22,255.25,244.76,253.38,2796768
8/24/2026,249.9,251.78,248.58,248.66,2738605
8/25/2026,249.72,255.84,243.76,246.55,718812
8/26/2026,245.14,252.02,240.37,246.22,4432273
8/27/2026,248.34,252.08,239.82,245.85,1653540
8/28/2026,242.49,244.75,238.4,244.55,2763738
8/29/2026,249.05,251.28,242.34,244.15,2215991
8/30/2026,239.81,249.08,229.95,246.54,4609938
8/31/2026,248.42,257.09,239.54,247.04,850864
9/1/2026,248.12,256.36,240.92,247.01,4997630
9/2/2026,247.26,256.02,239.39,248.05,4288375
9/3/2026,247.62,256.4,238.84,243.15,3818627
9/4/2026,247.99,248.38,244.12,247.38,913520
9/5/2026,244.28,248.68,235.44,245.68,2898425
9/6/2026,245.29,249.51,239.16,239.72,4836655
9/7/2026,243.76,248.4,237.3,238.3,4699821
9/8/2026,234.43,242.22,225.05,237,1635034
9/9/2026,235.93,239.16,235.68,237.26,2193928
9/10/2026,241.09,241.99,237.85,240.54,1875681
9/11/2026,242.72,243.96,241.58,242.65,3544589
9/12/2026,238.5,245.57,231.23,245.21,1841335
9/13/2026,244,247.81,236.32,246.8,1759043
9/14/2026,243.42,244.87,235.73,236.2,3084213
9/15/2026,234.3,241.99,229.84,237.45,1486114
9/16/2026,241.44,251.04,241.4,248.78,602406
9/17/2026,248.37,256.92,242.93,243.01,4639499
9/18/2026,240.39,246.28,235.63,240,1166096
9/19/2026,241.01,241.08,232.19,234.66,2241790
9/20/2026,230.15,231.63,223.62,223.91,772060
9/21/2026,225.58,233.96,222.6,233.06,911304
9/22/2026,229.15,239.09,227.54,230.82,1988300
9/23/2026,235.48,242.97,231.88,232.28,3010664
9/24/2026,230.51,239.49,222.31,235.34,1044637
9/25/2026,233.27,234.62,226.32,228.6,4921238
9/26/2026,227.74,229.84,225.65,225.89,4937125
